SalePrice,Id,BsmtHalfBath,GarageArea,WoodDeckSF,OpenPorchSF,YrSold
208500,1,0,548,0,61,2008
181500,2,1,460,298,0,2007
223500,3,0,608,0,42,2008
140000,4,0,642,0,35,2006
250000,5,0,836,192,84,2008
143000,6,0,480,40,30,2009
307000,7,0,636,255,57,2007
200000,8,0,484,235,204,2009
129900,9,0,468,90,0,2008
118000,10,0,205,0,4,2008
129500,11,0,384,0,0,2008
345000,12,0,736,147,21,2006
144000,13,0,352,140,0,2008
279500,14,0,840,160,33,2007
157000,15,0,352,0,213,2008
132000,16,0,576,48,112,2007
149000,17,0,480,0,0,2010
90000,18,0,516,0,0,2006
159000,19,0,576,0,102,2008
139000,20,0,294,0,0,2009
325300,21,0,853,240,154,2006
139400,22,0,280,0,0,2007
230000,23,0,534,171,159,2008
129900,24,0,572,100,110,2007
154000,25,0,270,406,90,2010
256300,26,0,890,0,56,2009
134800,27,1,576,222,32,2010
306000,28,0,772,0,50,2010
207500,29,0,319,288,258,2006
68500,30,0,240,49,0,2008
40000,31,0,250,0,54,2008
149350,32,0,271,0,65,2008
179900,33,0,484,0,30,2008
165500,34,1,447,0,38,2010
277500,35,0,556,203,47,2007
309000,36,0,691,113,32,2006
145000,37,0,672,392,64,2009
153000,38,1,498,0,0,2009
109000,39,0,246,0,52,2010
82000,40,0,0,0,0,2008
160000,41,0,440,0,138,2006
170000,42,1,308,0,104,2007
144000,43,0,504,240,0,2007
130250,44,0,308,145,0,2008
141000,45,0,300,0,0,2006
319900,46,0,576,196,82,2010
239686,47,0,670,168,43,2009
249700,48,0,826,0,146,2007
113000,49,0,0,0,0,2009
127000,50,0,386,0,0,2007
177000,51,1,388,0,75,2007
114500,52,0,528,112,0,2006
110000,53,0,516,106,0,2010
385000,54,0,894,857,72,2006
130000,55,0,572,0,50,2007
180500,56,0,576,0,0,2008
172500,57,0,480,115,0,2009
196500,58,0,565,0,70,2006
438780,59,0,641,192,0,2006
124900,60,0,352,196,0,2008
158000,61,0,576,0,50,2006
101000,62,0,288,0,0,2007
202500,63,0,484,120,49,2007
140000,64,0,480,12,11,2010
219500,65,0,645,576,36,2009
317000,66,0,852,192,151,2007
180000,67,0,576,301,0,2010
226000,68,0,558,144,29,2007
80000,69,0,220,0,0,2010
225000,70,0,667,0,21,2006
244000,71,0,516,300,0,2007
129500,72,0,360,0,0,2007
185000,73,0,427,0,94,2009
144900,74,0,490,0,0,2010
107400,75,0,379,0,0,2010
91000,76,0,297,120,101,2009
135750,77,0,283,0,0,2008
127000,78,0,240,0,0,2008
136500,79,0,0,0,0,2010
110000,80,0,440,74,0,2009
193500,81,0,509,0,72,2009
153500,82,0,405,0,199,2006
245000,83,0,758,144,99,2008
126500,84,0,461,74,0,2007
168500,85,0,400,120,72,2009
260000,86,0,462,127,82,2006
174000,87,0,400,100,38,2009
164500,88,0,528,0,234,2009
85000,89,0,0,0,0,2009
123600,90,0,0,0,0,2007
109900,91,0,420,0,29,2006
98600,92,0,480,0,0,2006
163500,93,0,432,0,0,2009
133900,94,1,506,0,0,2007
204750,95,0,684,0,162,2007
185000,96,0,420,232,63,2009
214000,97,0,472,158,29,2006
94750,98,0,432,120,0,2007
83000,99,0,366,0,0,2010
128950,100,0,0,352,0,2010
205000,101,0,480,168,68,2010
178000,102,0,476,192,46,2010
118964,103,0,410,0,0,2009
198900,104,0,740,0,36,2010
169500,105,0,240,0,0,2007
250000,106,0,648,140,45,2008
100000,107,0,273,0,0,2007
115000,108,0,250,0,0,2008
115000,109,0,0,0,0,2007
190000,110,0,546,0,122,2010
136900,111,0,325,182,0,2006
180000,112,0,400,180,0,2010
383970,113,0,792,120,184,2007
217000,114,0,450,166,120,2007
259500,115,0,180,224,0,2007
176000,116,0,440,0,32,2007
139000,117,1,288,0,20,2009
155000,118,0,430,80,64,2007
320000,119,0,594,367,0,2010
163990,120,0,390,0,24,2006
180000,121,0,540,0,130,2006
100000,122,0,264,0,0,2007
136000,123,0,288,0,0,2008
153900,124,0,530,0,63,2008
181000,125,0,435,192,0,2009
84500,126,0,0,53,0,2006
128000,127,0,440,0,205,2007
87000,128,0,0,0,0,2007
155000,129,0,453,188,108,2006
150000,130,1,750,0,80,2006
226000,131,0,487,105,66,2006
244000,132,0,390,24,48,2009
150750,133,0,624,0,0,2007
220000,134,0,471,192,25,2009
180000,135,0,440,0,96,2006
174000,136,0,530,98,0,2008
143000,137,0,318,0,111,2007
171000,138,0,766,0,0,2006
230000,139,0,660,224,106,2008
231500,140,0,470,276,99,2009
115000,141,0,0,0,0,2010
260000,142,0,660,160,24,2006
166000,143,0,720,0,0,2010
204000,144,0,577,144,29,2009
125000,145,0,504,0,0,2006
130000,146,0,380,0,40,2006
105000,147,0,180,48,0,2009
222500,148,0,434,144,48,2010
141000,149,0,0,0,0,2008
115000,150,0,240,200,114,2006
122000,151,0,440,0,0,2007
372402,152,0,866,0,102,2008
190000,153,0,495,0,66,2006
235000,154,0,564,409,0,2008
125000,155,0,312,0,0,2006
79000,156,0,0,0,8,2008
109500,157,0,625,0,0,2006
269500,158,0,680,0,75,2010
254900,159,0,678,0,136,2010
320000,160,0,576,239,132,2006
162500,161,0,516,0,0,2008
412500,162,0,726,400,0,2008
220000,163,0,532,0,70,2010
103200,164,0,0,0,0,2007
152000,165,0,216,0,0,2007
127500,166,0,0,140,0,2008
190000,167,0,303,476,0,2009
325624,168,0,789,178,120,2007
183500,169,0,440,100,48,2007
228000,170,0,511,574,64,2006
128500,171,0,660,237,0,2007
215000,172,0,528,210,62,2010
239000,173,0,504,441,35,2006
163000,174,0,504,0,20,2008
184000,175,0,616,192,0,2008
243000,176,0,576,0,29,2007
211000,177,1,521,0,228,2007
172500,178,0,451,0,0,2006
501837,179,0,1166,0,60,2009
100000,180,0,480,0,0,2007
177000,181,0,440,0,0,2007
200100,182,0,216,0,0,2006
120000,183,0,252,116,0,2007
200000,184,0,484,280,238,2008
127000,185,0,576,104,0,2006
475000,186,0,840,0,260,2006
173000,187,0,497,168,27,2009
135000,188,0,180,0,0,2009
153337,189,0,528,120,0,2009
286000,190,0,682,0,120,2008
315000,191,0,440,0,74,2007
184000,192,0,484,0,32,2007
192000,193,0,666,0,35,2009
130000,194,0,380,0,40,2006
127000,195,0,352,0,0,2008
148500,196,0,440,87,0,2009
311872,197,0,786,171,138,2007
235000,198,1,795,0,16,2006
104000,199,0,0,0,198,2009
274900,200,0,856,0,26,2009
140000,201,0,440,132,64,2010
171500,202,1,473,238,83,2008
112000,203,0,398,0,0,2006
149000,204,0,420,149,0,2008
110000,205,0,240,0,35,2009
180500,206,0,500,0,34,2009
143900,207,0,349,0,30,2007
141000,208,0,312,355,0,2008
277000,209,0,454,60,55,2007
145000,210,0,504,0,0,2008
98000,211,0,0,0,0,2008
186000,212,0,460,100,22,2010
252678,213,0,644,168,108,2009
156000,214,1,576,224,0,2006
161750,215,0,299,0,36,2010
134450,216,1,447,0,0,2006
210000,217,0,484,139,98,2008
107000,218,0,210,0,172,2006
311500,219,1,431,0,119,2008
167240,220,0,438,108,0,2006
204900,221,0,675,351,33,2006
200000,222,0,390,120,46,2009
179900,223,0,434,209,208,2006
97000,224,0,576,216,0,2009
386250,225,0,968,248,105,2009
112000,226,0,280,0,0,2009
290000,227,0,721,224,114,2007
106000,228,0,280,0,0,2008
125000,229,0,336,0,0,2010
192500,230,0,430,143,20,2009
148000,231,0,312,0,0,2010
403000,232,0,810,0,146,2009
94500,233,0,288,0,0,2006
128200,234,0,308,365,0,2010
216500,235,0,440,288,48,2010
89500,236,0,264,0,0,2008
185500,237,0,494,132,105,2010
194500,238,0,457,370,70,2010
318000,239,0,818,168,228,2007
113000,240,0,220,0,140,2010
262500,241,0,750,144,168,2010
110500,242,0,0,58,42,2007
79000,243,0,352,0,0,2006
120000,244,0,288,0,28,2009
205000,245,0,463,0,130,2010
241500,246,1,604,197,39,2006
137000,247,0,440,0,60,2006
140000,248,0,451,0,30,2006
180000,249,0,500,144,68,2007
277000,250,1,389,0,98,2007
76500,251,0,0,263,0,2010
235000,252,1,538,123,0,2007
173000,253,0,520,138,45,2008
158000,254,1,309,333,0,2007
145000,255,0,294,250,0,2010
230000,256,0,429,192,0,2006
207500,257,0,673,216,56,2008
220000,258,0,660,123,110,2009
231500,259,0,564,0,96,2008
97000,260,0,308,0,45,2008
176000,261,0,884,0,0,2009
276000,262,0,868,0,148,2007
151000,263,0,492,292,12,2006
130000,264,0,484,0,0,2010
73000,265,0,504,0,0,2008
175500,266,0,576,276,0,2008
185000,267,0,413,95,75,2006
179500,268,0,240,262,24,2008
120500,269,0,924,0,25,2008
148000,270,0,504,370,30,2007
266000,271,0,1053,192,51,2006
241500,272,0,439,81,0,2008
290000,273,0,671,132,57,2010
139000,274,0,338,289,0,2009
124500,275,0,264,168,0,2007
205000,276,0,672,74,0,2009
201000,277,0,573,100,150,2010
141000,278,0,400,0,0,2010
415298,279,0,732,124,98,2007
192000,280,0,505,288,117,2008
228500,281,0,575,0,84,2007
185000,282,0,572,0,120,2006
207500,283,0,626,172,62,2009
244600,284,0,898,210,150,2009
179200,285,0,529,0,0,2007
164700,286,0,528,0,54,2007
159000,287,0,440,0,0,2006
88000,288,0,0,0,0,2006
122000,289,0,280,0,0,2010
153575,290,0,384,0,0,2007
233230,291,0,685,0,51,2006
135900,292,0,0,0,184,2008
131000,293,0,281,0,0,2009
235000,294,0,539,0,250,2006
167000,295,0,418,110,0,2009
142500,296,0,588,120,0,2006
152000,297,0,282,289,0,2007
239000,298,0,576,0,10,2007
175000,299,1,539,224,0,2007
158500,300,1,300,0,36,2009
157000,301,0,375,0,0,2006
267000,302,0,683,208,50,2007
205000,303,0,843,468,81,2006
149900,304,0,552,256,0,2006
295000,305,0,870,302,0,2008
305900,306,0,888,168,0,2007
225000,307,0,746,127,44,2007
89500,308,0,0,0,144,2008
82500,309,0,539,158,0,2009
360000,310,0,708,208,175,2006
165600,311,0,420,190,63,2006
132000,312,0,240,0,0,2009
119900,313,0,410,0,0,2006
375000,314,0,513,0,0,2009
178000,315,1,546,0,0,2006
188500,316,0,432,100,51,2009
260000,317,0,484,288,195,2009
270000,318,0,1025,208,46,2007
260000,319,0,656,340,60,2009
187500,320,0,588,233,48,2009
342643,321,0,840,240,154,2006
354000,322,0,872,184,154,2007
301000,323,0,576,201,96,2007
126175,324,0,220,142,98,2006
242000,325,0,564,240,0,2010
87000,326,0,360,0,0,2007
324000,327,0,473,122,30,2008
145250,328,0,292,0,45,2006
214500,329,0,441,0,60,2009
78000,330,0,189,0,0,2009
119000,331,1,352,155,0,2007
139000,332,0,308,0,0,2007
284000,333,0,880,0,0,2009
207000,334,0,484,192,30,2008
192000,335,0,472,100,38,2008
228950,336,0,529,670,0,2008
377426,337,0,676,178,51,2007
214000,338,0,532,192,74,2008
202500,339,0,440,108,45,2006
155000,340,0,297,0,0,2009
202900,341,0,431,135,0,2010
82000,342,0,294,250,0,2009
87500,343,0,400,0,0,2006
266000,344,0,564,495,72,2008
85000,345,0,336,182,0,2010
140200,346,0,312,0,0,2006
151500,347,0,301,0,0,2007
157500,348,0,498,0,40,2009
154000,349,0,474,0,27,2008
437154,350,0,706,0,0,2006
318061,351,0,617,210,54,2007
190000,352,0,445,0,80,2006
95000,353,1,200,48,0,2008
105900,354,0,484,106,0,2010
140000,355,0,240,0,0,2006
177500,356,0,521,0,26,2007
173000,357,0,400,120,26,2009
134000,358,0,528,536,90,2007
130000,359,1,288,168,0,2006
280000,360,0,592,208,75,2006
156000,361,0,470,0,0,2007
145000,362,0,240,0,0,2008
198500,363,0,672,0,0,2009
118000,364,0,264,250,0,2009
190000,365,0,566,306,111,2006
147000,366,0,468,0,128,2009
159000,367,0,514,0,76,2009
165000,368,1,296,64,110,2008
132000,369,0,244,0,98,2010
162000,370,0,576,364,17,2010
172400,371,0,460,100,40,2006
134432,372,0,680,0,59,2008
125000,373,0,264,353,0,2010
123000,374,0,270,66,0,2009
219500,375,0,434,100,48,2007
61000,376,0,0,0,0,2009
148000,377,0,576,0,0,2006
340000,378,0,610,159,214,2007
394432,379,0,834,113,0,2010
179000,380,0,463,100,63,2009
127000,381,0,308,0,0,2010
187750,382,0,572,216,121,2006
213500,383,0,639,144,53,2007
76000,384,0,360,0,0,2009
240000,385,0,501,216,231,2007
192000,386,0,430,146,20,2010
81000,387,0,0,0,151,2006
125000,388,0,352,296,0,2009
191000,389,0,577,120,25,2008
426000,390,0,846,196,134,2008
119000,391,0,384,0,130,2008
215000,392,0,560,125,192,2009
106500,393,0,294,0,0,2007
100000,394,0,0,0,0,2006
109000,395,0,240,0,39,2007
129000,396,0,596,44,0,2010
123000,397,0,600,215,0,2009
169500,398,0,264,0,168,2007
67000,399,0,338,0,0,2007
241000,400,0,438,0,168,2009
245500,401,0,500,120,30,2008
164990,402,0,400,0,0,2006
108000,403,0,240,168,0,2008
258000,404,0,420,144,123,2006
168000,405,0,373,0,40,2007
150000,406,0,490,120,78,2009
115000,407,0,240,0,0,2008
177000,408,0,308,0,0,2008
280000,409,0,947,192,62,2007
339750,410,0,836,0,102,2008
60000,411,0,350,0,0,2009
145000,412,0,572,264,0,2006
222000,413,0,484,0,144,2010
115000,414,0,360,0,0,2010
228000,415,1,678,196,187,2008
181134,416,0,396,100,30,2007
149500,417,0,440,0,0,2006
239000,418,0,864,0,0,2007
126000,419,0,240,0,0,2007
142000,420,0,304,0,85,2010
206300,421,0,784,0,0,2008
215000,422,1,529,240,0,2009
113000,423,0,520,0,0,2008
315000,424,0,696,0,66,2008
139000,425,0,297,0,44,2008
135000,426,0,240,0,0,2009
275000,427,1,569,80,0,2009
109008,428,0,352,0,0,2008
195400,429,0,628,105,54,2007
175000,430,0,576,0,0,2009
85400,431,0,264,0,0,2008
79900,432,0,0,0,98,2008
122500,433,0,440,240,36,2007
181000,434,0,470,0,36,2008
81000,435,0,0,88,0,2008
212000,436,0,550,158,61,2009
116000,437,0,440,0,0,2006
119000,438,0,180,0,0,2009
90350,439,0,352,0,0,2007
110000,440,0,528,0,46,2009
555000,441,0,672,0,72,2009
118000,442,0,0,0,0,2008
162900,443,0,360,0,0,2008
172500,444,0,648,144,16,2007
210000,445,0,493,144,133,2008
127500,446,0,480,0,0,2009
190000,447,0,578,0,0,2010
199900,448,0,431,89,0,2006
119500,449,0,198,0,0,2006
120000,450,0,308,0,176,2007
110000,451,0,270,0,113,2006
280000,452,0,576,200,54,2006
204000,453,0,422,144,122,2007
210000,454,0,676,0,30,2009
188000,455,0,560,0,0,2006
175500,456,0,528,0,0,2007
98000,457,0,513,0,0,2008
256000,458,0,529,224,137,2008
161000,459,0,228,192,63,2008
110000,460,0,352,0,0,2009
263435,461,0,552,0,150,2009
155000,462,0,576,256,0,2009
62383,463,0,360,0,0,2009
188700,464,0,240,0,0,2008
124000,465,0,0,0,0,2009
178740,466,0,398,144,20,2006
167000,467,0,526,0,0,2007
146500,468,0,312,168,0,2007
250000,469,0,866,0,44,2007
187000,470,0,506,144,70,2008
212000,471,0,528,0,54,2010
190000,472,0,534,0,0,2007
148000,473,0,525,0,28,2008
440000,474,0,908,250,63,2007
251000,475,0,499,96,48,2007
132500,476,0,624,0,24,2007
208900,477,0,508,140,39,2008
380000,478,0,694,414,84,2007
297000,479,0,826,208,44,2009
89471,480,0,672,0,72,2007
326000,481,0,772,519,112,2006
374000,482,0,874,206,49,2006
155000,483,0,164,0,0,2009
164000,484,0,402,0,125,2006
132500,485,0,264,0,132,2007
147000,486,0,264,0,80,2009
156000,487,0,515,0,0,2007
175000,488,0,487,224,0,2007
160000,489,0,520,142,0,2006
86000,490,0,286,0,0,2009
115000,491,0,336,141,24,2008
133000,492,0,240,0,0,2006
172785,493,0,429,0,0,2006
155000,494,0,308,0,0,2008
91300,495,0,273,144,20,2009
34900,496,0,0,0,523,2009
430000,497,0,546,264,75,2007
184000,498,0,240,0,100,2008
130000,499,0,288,64,0,2009
120000,500,1,297,12,285,2007
113000,501,0,264,144,28,2007
226700,502,0,603,0,108,2008
140000,503,0,461,0,0,2007
289000,504,0,484,0,54,2010
147000,505,1,440,260,0,2009
124500,506,0,400,0,0,2009
215000,507,0,471,182,81,2006
208300,508,0,676,0,102,2009
161000,509,0,360,0,0,2008
124500,510,0,270,224,88,2009
164900,511,0,288,324,42,2009
202665,512,0,474,132,35,2006
129900,513,0,624,0,0,2006
134000,514,0,484,120,0,2007
96500,515,0,200,0,0,2007
402861,516,0,900,156,54,2009
158000,517,0,583,0,104,2009
265000,518,0,889,220,0,2009
211000,519,0,546,0,36,2007
234000,520,0,282,0,0,2009
106250,521,0,0,220,114,2008
150000,522,0,336,0,40,2007
159000,523,0,420,0,24,2006
184750,524,0,884,208,406,2007
315750,525,0,834,239,60,2007
176000,526,0,453,38,144,2006
132000,527,0,252,261,0,2007
446261,528,0,858,126,66,2008
86000,529,0,0,0,0,2007
200624,530,0,484,0,0,2007
175000,531,0,600,224,0,2008
128000,532,0,502,0,0,2008
107500,533,0,392,0,0,2010
39300,534,0,0,0,0,2007
178000,535,0,403,100,35,2006
107500,536,0,0,85,0,2008
188000,537,0,527,120,155,2008
111250,538,0,576,216,0,2008
158000,539,0,336,466,0,2006
272000,540,0,670,180,0,2010
315000,541,0,765,270,68,2009
248000,542,0,648,0,56,2007
213250,543,0,583,78,73,2009
133000,544,0,367,120,40,2007
179665,545,0,426,100,24,2006
229000,546,0,786,0,0,2006
210000,547,0,440,0,38,2007
129500,548,0,624,104,0,2007
125000,549,0,720,140,50,2008
263000,550,0,615,182,182,2009
140000,551,0,440,0,55,2008
112500,552,0,288,0,0,2008
255500,553,0,908,169,39,2009
108000,554,0,520,0,96,2009
284000,555,0,871,320,62,2008
113000,556,0,280,0,0,2006
141000,557,0,299,268,0,2006
108000,558,0,570,0,47,2006
175000,559,1,406,264,22,2008
234000,560,0,420,143,20,2006
121500,561,0,528,0,0,2010
170000,562,0,418,240,38,2006
108000,563,0,0,144,0,2008
185000,564,0,396,72,36,2008
268000,565,0,590,0,40,2006
128000,566,0,216,0,66,2010
325000,567,0,656,144,39,2008
214000,568,0,532,0,0,2010
316600,569,0,612,349,40,2009
135960,570,0,600,42,0,2006
142600,571,0,576,0,0,2008
120000,572,0,288,168,0,2006
224500,573,0,650,208,114,2009
170000,574,0,400,100,0,2007
139000,575,1,288,35,0,2007
118500,576,0,336,158,0,2008
145000,577,1,216,0,50,2009
164500,578,0,564,160,68,2006
146000,579,0,540,0,102,2008
131500,580,0,352,0,0,2008
181900,581,1,572,216,110,2007
253293,582,0,1390,0,90,2009
118500,583,0,0,0,32,2007
325000,584,0,880,105,502,2008
133000,585,0,240,0,0,2009
369900,586,0,880,326,66,2006
130000,587,0,275,0,0,2008
137000,588,0,528,0,0,2009
143000,589,0,452,0,48,2009
79500,590,0,308,0,0,2008
185900,591,0,520,0,45,2008
451950,592,0,842,382,274,2009
138000,593,0,816,0,0,2008
140000,594,0,420,140,0,2009
110000,595,0,280,0,0,2008
319000,596,0,758,180,75,2006
114504,597,0,216,0,158,2006
194201,598,2,648,120,16,2007
217500,599,0,621,0,0,2006
151000,600,0,452,161,0,2008
275000,601,0,736,179,60,2006
141000,602,0,544,0,162,2007
220000,603,0,506,120,150,2006
151000,604,0,480,0,172,2010
221000,605,0,530,192,36,2008
205000,606,0,486,0,42,2009
152000,607,0,576,168,0,2009
225000,608,0,230,103,0,2006
359100,609,0,380,0,0,2007
118500,610,0,261,64,0,2007
313000,611,0,736,253,142,2009
148000,612,1,564,0,0,2007
261500,613,0,531,160,122,2009
147000,614,0,0,0,30,2007
75500,615,0,0,96,24,2010
137500,616,0,480,120,0,2010
183200,617,0,393,100,75,2006
105500,618,0,528,0,0,2008
314813,619,0,774,0,108,2007
305000,620,0,749,168,0,2008
67000,621,0,0,0,0,2008
240000,622,0,624,38,243,2008
135000,623,0,484,192,0,2009
168500,624,0,440,0,32,2007
165150,625,0,484,148,0,2006
160000,626,0,440,0,0,2010
139900,627,0,286,0,0,2007
153000,628,0,364,0,0,2010
135000,629,1,504,335,0,2007
168500,630,0,520,176,0,2008
124000,631,0,240,0,0,2006
209500,632,0,627,156,73,2007
82500,633,0,544,192,0,2009
139400,634,1,260,390,0,2007
144000,635,0,576,264,56,2010
200000,636,0,0,0,110,2007
60000,637,0,0,0,0,2009
93000,638,0,256,0,0,2009
85000,639,0,0,328,0,2008
264561,640,0,648,312,0,2006
274000,641,0,588,185,140,2008
226000,642,0,650,0,235,2007
345000,643,0,538,269,111,2009
152000,644,0,462,208,0,2007
370878,645,0,478,195,130,2009
143250,646,0,576,0,312,2007
98300,647,0,420,0,27,2008
155000,648,0,495,0,0,2008
155000,649,0,442,0,124,2010
84500,650,0,0,0,0,2007
205950,651,0,562,0,0,2008
108000,652,0,296,120,0,2009
191000,653,0,512,0,120,2009
135000,654,0,216,57,0,2008
350000,655,0,839,236,46,2008
88000,656,0,264,0,0,2010
145500,657,0,312,0,0,2008
149000,658,0,270,0,0,2008
97500,659,1,330,192,0,2010
167000,660,0,480,0,0,2009
197900,661,0,550,0,113,2007
402000,662,0,711,517,76,2009
110000,663,0,576,0,0,2009
137500,664,0,588,0,0,2008
423000,665,0,1134,192,267,2006
230500,666,0,504,188,124,2006
129000,667,0,596,0,265,2007
193500,668,0,575,224,42,2008
168000,669,0,576,304,0,2006
137500,670,0,252,0,0,2006
173500,671,0,540,100,35,2009
103600,672,0,300,147,0,2009
165000,673,0,546,198,42,2006
257500,674,0,416,0,87,2007
140000,675,0,384,426,0,2008
148500,676,0,440,28,0,2009
87000,677,0,779,0,0,2006
109500,678,0,240,316,0,2009
372500,679,0,834,322,82,2009
128500,680,0,572,0,0,2007
143000,681,0,264,80,0,2010
159434,682,0,281,0,0,2009
173000,683,0,431,307,0,2008
285000,684,0,702,257,45,2007
221000,685,0,486,0,81,2010
207500,686,0,577,219,0,2007
227875,687,0,578,144,105,2007
148800,688,0,480,0,60,2007
392000,689,0,567,140,0,2007
194700,690,0,460,192,28,2007
141000,691,0,420,149,0,2008
755000,692,1,832,382,50,2007
335000,693,0,628,320,27,2006
108480,694,0,326,0,0,2006
141500,695,0,576,112,0,2009
176000,696,0,551,125,0,2006
89000,697,0,205,0,0,2006
123500,698,1,308,0,0,2006
138500,699,0,336,416,144,2010
196000,700,0,530,156,158,2008
312500,701,0,765,270,78,2006
140000,702,0,528,0,0,2006
361919,703,0,666,324,100,2006
140000,704,0,672,344,0,2010
213000,705,0,606,0,35,2010
55000,706,0,0,0,0,2010
302000,707,0,739,380,48,2007
254000,708,0,550,192,38,2009
179540,709,0,400,100,24,2007
109900,710,0,408,0,0,2008
52000,711,0,0,0,0,2008
102776,712,0,384,68,0,2010
189000,713,0,472,168,120,2008
129000,714,0,576,0,288,2006
130500,715,0,475,0,44,2010
165000,716,0,478,0,0,2009
159500,717,0,704,0,48,2007
157000,718,1,439,224,0,2008
341000,719,0,983,250,154,2008
128500,720,0,300,0,0,2006
275000,721,0,564,114,28,2006
143000,722,0,420,160,0,2010
124500,723,0,463,0,0,2009
135000,724,0,548,0,0,2008
320000,725,0,768,327,64,2009
120500,726,0,660,96,0,2009
222000,727,0,540,292,44,2009
194500,728,0,632,132,0,2009
110000,729,0,888,0,25,2009
103000,730,0,539,0,23,2009
236500,731,0,608,237,152,2010
187500,732,0,438,160,22,2007
222500,733,0,541,192,84,2008
131400,734,0,264,165,0,2009
108000,735,0,300,147,0,2007
163000,736,0,320,0,341,2006
93500,737,0,400,0,0,2006
239900,738,0,800,0,116,2006
179000,739,0,0,120,0,2009
190000,740,0,572,187,56,2009
132000,741,0,360,270,0,2007
142000,742,1,288,168,0,2008
179000,743,0,539,120,55,2007
175000,744,1,480,302,0,2009
180000,745,0,462,96,0,2008
299800,746,1,831,0,204,2008
236000,747,0,554,224,54,2009
265979,748,0,864,181,0,2009
260400,749,0,527,240,56,2010
98000,750,0,240,92,0,2009
96500,751,0,0,0,160,2010
162000,752,0,400,0,48,2007
217000,753,0,576,168,27,2006
275500,754,0,878,192,52,2006
156000,755,0,440,171,48,2009
172500,756,0,440,0,24,2009
212000,757,0,578,144,105,2009
158900,758,0,440,335,0,2010
179400,759,0,440,0,0,2008
290000,760,0,752,222,98,2007
127500,761,0,300,0,0,2009
100000,762,0,440,0,0,2009
215200,763,0,614,169,45,2010
337000,764,0,856,0,128,2009
270000,765,0,481,0,30,2006
264132,766,0,592,0,174,2008
196500,767,0,496,228,66,2010
160000,768,0,423,245,0,2008
216837,769,0,484,120,33,2006
538000,770,0,841,503,36,2010
134900,771,0,576,120,0,2009
102000,772,0,396,0,0,2006
107000,773,0,672,144,0,2010
114500,774,0,275,0,0,2007
395000,775,0,895,315,45,2007
162000,776,0,412,0,247,2009
221500,777,0,865,144,59,2006
142500,778,0,440,241,0,2006
144000,779,0,630,0,0,2007
135000,780,0,504,0,0,2006
176000,781,0,402,220,21,2007
175900,782,0,484,0,124,2006
187100,783,0,605,0,33,2009
165500,784,0,602,303,30,2009
128000,785,0,0,0,291,2008
161500,786,0,457,0,0,2009
139000,787,0,416,0,0,2010
233000,788,0,618,0,45,2010
107900,789,0,281,0,0,2008
187500,790,0,444,133,168,2007
160200,791,0,397,100,16,2009
146800,792,0,539,120,0,2007
269790,793,0,455,180,130,2007
225000,794,0,474,168,130,2007
194500,795,0,409,143,46,2008
171000,796,0,476,0,50,2010
143500,797,0,528,138,0,2007
110000,798,0,240,0,0,2008
485000,799,0,820,144,78,2009
175000,800,0,240,0,0,2007
200000,801,0,603,403,114,2008
109900,802,0,440,0,0,2007
189000,803,0,410,36,18,2008
582933,804,0,1020,52,170,2009
118000,805,0,286,0,0,2006
227680,806,0,554,0,60,2008
135500,807,0,384,68,0,2006
223500,808,0,528,0,312,2009
159950,809,0,484,0,0,2006
106000,810,0,360,40,156,2009
181000,811,0,484,265,0,2006
144500,812,0,420,140,0,2008
55993,813,0,504,0,0,2010
157900,814,0,301,0,0,2007
116000,815,1,280,207,0,2006
224900,816,0,598,0,34,2010
137000,817,0,275,0,0,2006
271000,818,0,857,150,59,2008
155000,819,0,440,0,0,2010
224000,820,0,484,192,35,2010
183000,821,0,595,0,45,2008
93000,822,0,576,0,32,2009
225000,823,0,433,100,48,2007
139500,824,0,240,335,0,2009
232600,825,0,776,0,140,2006
385000,826,0,1220,188,45,2008
109500,827,0,0,0,0,2008
189000,828,0,527,290,39,2009
185000,829,1,538,486,0,2009
147400,830,0,480,0,166,2006
166000,831,0,458,0,0,2008
151000,832,0,480,0,166,2006
237000,833,0,613,192,39,2010
167000,834,0,472,0,0,2009
139950,835,0,456,0,0,2008
128000,836,0,436,290,0,2010
153500,837,0,812,0,116,2007
100000,838,0,264,0,0,2008
144000,839,0,352,278,0,2008
130500,840,0,240,0,0,2008
140000,841,0,400,0,0,2008
157500,842,0,686,70,78,2008
174900,843,0,490,0,129,2008
141000,844,0,0,0,0,2007
153900,845,0,720,418,0,2008
171000,846,0,611,0,0,2007
213000,847,0,425,234,72,2009
133500,848,0,338,0,0,2009
240000,849,0,360,486,40,2008
187000,850,0,512,113,100,2007
131500,851,0,420,140,0,2007
215000,852,0,400,143,20,2006
164000,853,0,240,0,0,2007
158000,854,0,645,180,0,2009
170000,855,0,454,0,418,2006
127000,856,0,260,0,104,2010
147000,857,0,576,0,0,2008
174000,858,0,343,0,36,2009
152000,859,0,479,0,0,2009
250000,860,0,619,0,65,2006
189950,861,0,216,0,240,2007
131500,862,0,504,0,0,2010
152000,863,0,480,0,0,2010
132500,864,0,672,0,0,2009
250580,865,0,529,0,140,2008
148500,866,0,902,0,0,2009
248900,867,0,870,192,80,2007
129000,868,0,544,168,0,2007
169000,869,0,672,120,144,2006
236000,870,0,574,156,90,2010
109500,871,0,308,0,0,2009
200500,872,0,523,0,77,2010
116000,873,0,414,196,0,2008
133000,874,0,288,0,28,2009
66500,875,0,200,26,0,2009
303477,876,0,550,208,364,2007
132250,877,0,648,0,0,2007
350000,878,0,738,184,0,2009
148000,879,0,576,192,0,2010
136500,880,0,336,0,0,2009
157000,881,0,450,0,49,2007
187500,882,0,400,168,36,2007
178000,883,0,389,342,40,2009
118500,884,0,440,0,188,2006
100000,885,0,288,0,0,2009
328900,886,0,506,97,65,2008
145000,887,0,588,272,54,2006
135500,888,0,300,121,0,2008
268000,889,0,621,81,207,2007
149500,890,0,505,0,0,2009
122900,891,0,576,0,0,2007
172500,892,0,440,243,0,2009
154500,893,1,264,192,0,2006
165000,894,0,354,511,116,2008
118858,895,0,400,0,0,2009
140000,896,0,483,0,50,2008
106500,897,0,327,0,28,2006
142953,898,0,528,154,0,2009
611657,899,0,820,0,67,2010
135000,900,0,288,0,0,2006
110000,901,0,684,0,0,2007
153000,902,0,756,0,0,2009
180000,903,0,393,0,75,2006
240000,904,0,690,144,60,2006
125500,905,0,288,0,0,2007
128000,906,0,280,0,0,2010
255000,907,0,865,0,60,2007
250000,908,0,180,0,0,2006
131000,909,0,484,164,0,2006
174000,910,0,390,36,24,2009
154300,911,0,480,0,0,2010
143500,912,0,252,173,0,2009
88000,913,0,450,0,0,2006
145000,914,0,871,0,0,2007
173733,915,0,528,0,234,2009
75000,916,0,286,0,0,2007
35311,917,0,308,0,0,2006
135000,918,0,284,0,0,2009
238000,919,0,833,72,192,2007
176500,920,0,601,0,51,2008
201000,921,1,471,300,87,2007
145900,922,0,0,0,70,2008
169990,923,0,397,100,0,2006
193000,924,0,533,0,69,2008
207500,925,0,612,384,131,2006
175000,926,1,540,180,0,2008
285000,927,0,656,104,100,2007
176000,928,0,486,0,43,2008
236500,929,0,522,202,151,2009
222000,930,0,642,0,0,2006
201000,931,0,610,100,18,2009
117500,932,1,429,0,0,2009
320000,933,0,788,0,191,2007
190000,934,0,570,192,36,2009
242000,935,0,505,0,0,2008
79900,936,0,528,0,0,2006
184900,937,0,555,0,41,2009
253000,938,0,689,0,48,2009
239799,939,0,868,0,90,2006
244400,940,0,349,56,0,2010
150900,941,0,574,40,0,2006
214000,942,0,390,0,0,2009
150000,943,0,0,321,0,2007
143000,944,0,576,0,0,2007
137500,945,1,525,0,118,2009
124900,946,0,456,48,0,2009
143000,947,0,796,86,0,2006
270000,948,0,808,0,252,2007
192500,949,0,474,144,96,2006
197500,950,0,676,0,0,2010
129000,951,0,720,194,0,2007
119900,952,0,300,421,0,2006
133900,953,1,396,192,0,2009
172000,954,1,530,305,189,2008
127500,955,2,0,0,0,2006
145000,956,0,492,0,0,2007
124000,957,0,462,150,0,2009
132000,958,0,576,0,0,2007
185000,959,0,531,0,39,2007
155000,960,0,484,0,44,2010
116500,961,0,0,117,0,2010
272000,962,0,619,550,282,2008
155000,963,0,440,48,0,2007
239000,964,0,702,288,136,2009
214900,965,0,510,0,40,2010
178900,966,0,393,0,72,2007
160000,967,0,256,0,70,2009
135000,968,0,260,0,0,2008
37900,969,0,0,0,0,2009
140000,970,0,264,0,0,2006
135000,971,0,0,0,0,2006
173000,972,0,474,0,27,2009
99500,973,0,264,28,0,2010
182000,974,0,480,0,120,2008
167500,975,0,532,509,135,2009
165000,976,0,490,153,50,2006
85500,977,0,0,0,0,2006
199900,978,0,569,0,116,2007
110000,979,0,400,0,0,2007
139000,980,0,480,0,80,2009
178400,981,0,588,144,76,2008
336000,982,0,676,250,0,2009
159895,983,0,388,100,16,2008
255900,984,0,779,0,0,2008
126000,985,0,539,0,0,2009
125000,986,0,240,0,48,2008
117000,987,0,255,394,0,2006
395192,988,0,606,168,95,2010
195000,989,0,551,0,224,2007
197000,990,0,614,0,50,2006
348000,991,0,870,0,70,2006
168000,992,0,424,0,169,2009
187000,993,0,440,239,42,2007
173900,994,0,564,0,35,2006
337500,995,0,786,216,48,2009
121600,996,0,305,0,57,2006
136500,997,0,368,0,319,2006
185000,998,0,615,371,0,2009
91000,999,0,210,0,100,2006
206000,1000,0,632,105,61,2010
82000,1001,0,528,0,0,2009
86000,1002,0,216,0,20,2007
232000,1003,0,824,144,104,2008
136905,1004,0,528,0,0,2007
181000,1005,0,457,156,0,2009
149900,1006,0,328,210,0,2008
163500,1007,1,484,0,0,2007
88000,1008,0,286,238,0,2009
240000,1009,0,550,100,48,2009
102000,1010,0,0,0,0,2006
135000,1011,0,312,0,0,2008
100000,1012,0,0,0,0,2010
165000,1013,0,180,96,0,2007
85000,1014,0,280,0,30,2009
119200,1015,0,240,0,130,2007
227000,1016,0,528,0,45,2009
203000,1017,0,478,115,66,2009
187500,1018,0,565,63,0,2009
160000,1019,0,402,164,0,2007
213490,1020,0,440,142,20,2006
176000,1021,0,451,252,64,2008
194000,1022,0,632,105,54,2006
87000,1023,0,160,0,0,2007
191000,1024,0,437,156,20,2008
287000,1025,0,665,0,72,2008
112500,1026,0,461,96,0,2007
167500,1027,0,461,0,0,2010
293077,1028,0,800,192,44,2008
105000,1029,0,240,0,0,2007
118000,1030,1,264,0,28,2006
160000,1031,0,0,0,0,2006
197000,1032,0,672,136,63,2009
310000,1033,0,796,209,55,2006
230000,1034,0,900,0,136,2006
119750,1035,0,240,0,0,2007
84000,1036,0,290,186,0,2009
315500,1037,0,912,228,0,2009
287000,1038,0,905,0,45,2008
97000,1039,0,0,0,0,2009
80000,1040,0,286,0,0,2009
155000,1041,0,484,0,0,2006
173000,1042,1,484,0,40,2008
196000,1043,0,624,170,63,2009
262280,1044,0,514,192,121,2008
278000,1045,0,542,474,120,2009
139600,1046,0,452,0,0,2009
556581,1047,0,716,214,108,2006
145000,1048,1,672,0,0,2008
115000,1049,0,336,0,0,2009
84900,1050,0,308,0,0,2010
176485,1051,0,436,0,22,2007
200141,1052,0,440,0,20,2007
165000,1053,1,540,0,52,2007
144500,1054,0,364,116,78,2010
255000,1055,0,586,199,60,2006
180000,1056,1,478,0,0,2008
185850,1057,0,484,192,36,2006
248000,1058,0,467,168,98,2009
335000,1059,0,836,0,102,2009
220000,1060,0,432,0,0,2007
213500,1061,0,582,0,0,2010
81000,1062,0,1248,0,20,2008
90000,1063,0,560,0,57,2007
110500,1064,0,440,166,120,2006
154000,1065,0,480,0,58,2009
328000,1066,0,533,296,44,2010
178000,1067,0,380,0,40,2009
167900,1068,0,442,328,128,2008
151400,1069,0,576,728,20,2006
135000,1070,1,576,0,0,2007
135000,1071,0,286,0,20,2007
154000,1072,0,441,0,0,2009
91500,1073,1,280,0,0,2006
159500,1074,0,440,252,0,2009
194000,1075,0,826,140,93,2007
219500,1076,0,240,0,0,2007
170000,1077,1,566,436,21,2006
138800,1078,0,299,240,32,2006
155900,1079,0,420,140,0,2006
126000,1080,0,299,0,64,2007
145000,1081,1,528,55,0,2008
133000,1082,0,308,0,0,2010
192000,1083,0,527,192,39,2007
160000,1084,0,461,0,116,2006
187500,1085,0,409,315,44,2006
147000,1086,0,564,120,0,2010
83500,1087,0,286,120,96,2010
252000,1088,0,1043,160,50,2009
137500,1089,0,380,0,40,2006
197000,1090,0,550,0,84,2006
92900,1091,0,400,0,0,2009
160000,1092,0,462,0,48,2008
136500,1093,0,576,342,0,2008
146000,1094,0,884,0,64,2006
129000,1095,0,308,0,0,2010
176432,1096,0,440,0,22,2007
127000,1097,0,0,136,0,2007
170000,1098,0,461,0,74,2007
128000,1099,0,240,0,0,2009
157000,1100,0,478,0,0,2009
60000,1101,0,246,0,0,2009
119500,1102,0,280,0,0,2007
135000,1103,0,254,0,16,2007
159500,1104,1,539,0,0,2006
106000,1105,0,440,0,0,2007
325000,1106,0,712,186,32,2010
179900,1107,0,719,0,244,2007
274725,1108,0,422,0,100,2006
181000,1109,0,463,100,48,2007
280000,1110,0,862,125,185,2009
188000,1111,0,431,224,84,2008
205000,1112,0,483,0,69,2008
129900,1113,0,308,0,0,2006
134500,1114,0,240,0,18,2007
117000,1115,0,326,0,0,2006
318000,1116,0,928,0,0,2007
184100,1117,0,527,120,0,2009
130000,1118,0,450,0,0,2008
140000,1119,1,300,280,34,2008
133700,1120,0,286,140,0,2006
118400,1121,0,308,0,22,2007
212900,1122,0,782,144,20,2006
112000,1123,0,288,64,0,2009
118000,1124,1,0,0,200,2009
163900,1125,0,392,100,25,2007
115000,1126,0,672,0,0,2009
174000,1127,0,660,143,20,2009
259000,1128,0,630,144,36,2007
215000,1129,0,434,100,48,2007
140000,1130,0,672,49,0,2007
135000,1131,0,576,431,44,2009
93500,1132,0,0,0,28,2007
117500,1133,0,205,0,48,2007
239500,1134,0,466,0,155,2009
169000,1135,0,460,100,38,2007
102000,1136,0,180,0,128,2007
119000,1137,0,288,0,0,2008
94000,1138,0,0,0,0,2010
196000,1139,0,714,264,32,2009
144000,1140,0,495,0,0,2007
139000,1141,0,840,0,0,2008
197500,1142,0,484,448,96,2009
424870,1143,0,1052,125,144,2007
80000,1144,0,0,0,24,2008
80000,1145,0,280,0,0,2010
149000,1146,0,225,0,0,2006
180000,1147,0,403,165,26,2006
174500,1148,0,234,0,0,2009
116900,1149,0,288,0,0,2008
143000,1150,1,324,0,0,2009
124000,1151,0,306,0,0,2007
149900,1152,0,528,0,140,2006
230000,1153,0,470,0,0,2006
120500,1154,0,432,0,0,2008
201800,1155,0,492,60,84,2008
218000,1156,0,528,0,21,2007
179900,1157,1,502,0,92,2008
230000,1158,0,626,172,62,2009
235128,1159,0,830,0,24,2008
185000,1160,0,540,0,69,2008
146000,1161,0,440,26,0,2010
224000,1162,0,924,108,0,2008
129000,1163,0,450,0,0,2007
108959,1164,0,400,120,0,2008
194000,1165,0,588,168,180,2007
233170,1166,0,644,0,114,2009
245350,1167,0,776,160,33,2010
173000,1168,0,472,0,38,2006
235000,1169,0,540,0,0,2008
625000,1170,0,807,361,76,2006
171000,1171,0,358,203,0,2008
163000,1172,0,433,0,0,2008
171900,1173,0,625,0,54,2008
200500,1174,0,0,122,0,2007
239000,1175,0,360,0,0,2006
285000,1176,0,541,0,33,2007
119500,1177,0,264,362,0,2008
115000,1178,0,210,0,0,2009
154900,1179,0,186,192,0,2009
93000,1180,0,0,0,36,2006
250000,1181,0,693,0,0,2006
392500,1182,1,482,162,53,2008
745000,1183,0,813,171,78,2007
120000,1184,0,720,229,0,2006
186700,1185,0,995,0,263,2007
104900,1186,0,392,0,0,2006
95000,1187,0,420,0,74,2009
262000,1188,0,757,0,114,2006
195000,1189,0,493,144,68,2009
189000,1190,0,442,140,60,2010
168000,1191,0,1356,439,0,2007
174000,1192,0,492,206,0,2007
125000,1193,0,250,0,0,2007
165000,1194,0,402,0,304,2009
158000,1195,0,299,379,36,2010
176000,1196,0,400,100,24,2008
219210,1197,0,660,100,17,2006
144000,1198,0,225,0,0,2006
178000,1199,0,573,356,0,2009
148000,1200,0,459,0,82,2006
116050,1201,0,280,0,0,2006
197900,1202,0,546,198,36,2009
117000,1203,0,216,0,0,2009
213000,1204,0,451,74,234,2009
153500,1205,0,495,0,88,2006
271900,1206,0,701,84,70,2009
107000,1207,0,384,0,42,2006
200000,1208,0,544,192,23,2006
140000,1209,0,506,0,0,2008
290000,1210,0,500,322,50,2006
189000,1211,0,462,635,104,2010
164000,1212,0,492,325,12,2010
113000,1213,0,234,0,113,2009
145000,1214,1,364,88,0,2006
134500,1215,0,300,150,72,2006
125000,1216,0,384,0,0,2007
112000,1217,0,539,0,0,2010
229456,1218,0,552,135,112,2009
80500,1219,0,0,0,0,2006
91500,1220,0,0,201,0,2006
115000,1221,0,288,0,0,2006
134000,1222,0,322,0,63,2008
143000,1223,0,315,0,0,2007
137900,1224,0,528,0,30,2006
184000,1225,0,388,100,75,2008
145000,1226,1,264,224,0,2007
214000,1227,0,668,100,18,2008
147000,1228,0,576,0,240,2008
367294,1229,0,1052,0,72,2008
127000,1230,0,404,0,0,2008
190000,1231,0,600,155,24,2007
132500,1232,0,540,0,18,2006
101800,1233,0,462,0,0,2007
142000,1234,0,531,0,0,2010
130000,1235,0,0,0,192,2008
138887,1236,0,180,203,40,2006
175500,1237,0,474,0,27,2010
195000,1238,0,434,100,48,2006
142500,1239,0,484,0,0,2006
265900,1240,0,472,120,33,2007
224900,1241,0,543,0,63,2008
248328,1242,0,954,0,56,2007
170000,1243,0,528,0,120,2010
465000,1244,0,850,216,229,2006
230000,1245,0,400,0,0,2006
178000,1246,0,477,268,112,2007
186500,1247,0,615,0,45,2006
169900,1248,0,888,0,0,2010
129500,1249,0,396,0,0,2008
119000,1250,0,276,0,80,2007
244000,1251,0,522,0,0,2010
171750,1252,0,478,148,36,2006
130000,1253,0,288,33,0,2009
294000,1254,0,518,220,47,2007
165400,1255,0,397,178,128,2008
127500,1256,0,560,0,0,2007
301500,1257,0,691,262,36,2008
99900,1258,0,0,0,96,2009
190000,1259,0,400,212,0,2008
151000,1260,0,460,180,0,2008
181000,1261,0,502,0,103,2009
128900,1262,0,338,0,0,2009
161500,1263,0,304,120,0,2009
180500,1264,0,520,0,0,2007
181000,1265,0,511,144,68,2008
183900,1266,0,506,0,34,2006
122000,1267,0,308,0,0,2007
378500,1268,0,746,144,76,2010
381000,1269,0,1014,314,12,2008
144000,1270,0,315,0,0,2007
260000,1271,0,586,268,0,2010
185750,1272,0,462,0,0,2009
137000,1273,0,288,180,0,2006
177000,1274,0,312,0,0,2008
139000,1275,0,552,242,0,2007
137000,1276,0,400,0,0,2007
162000,1277,1,497,294,116,2009
197900,1278,0,480,0,0,2009
237000,1279,0,577,0,211,2008
68400,1280,0,528,30,0,2010
227000,1281,0,544,0,72,2009
180000,1282,0,484,0,58,2006
150500,1283,0,484,0,0,2009
139000,1284,0,0,128,0,2010
169000,1285,0,336,272,0,2010
132500,1286,0,280,45,0,2009
143000,1287,0,528,0,26,2010
190000,1288,1,390,168,198,2006
278000,1289,0,499,212,59,2009
281000,1290,0,753,177,74,2006
180500,1291,0,484,227,0,2010
119500,1292,0,264,185,0,2009
107500,1293,0,432,0,287,2009
162900,1294,0,528,0,28,2006
115000,1295,0,572,0,0,2006
138500,1296,0,288,356,0,2006
155000,1297,0,525,192,20,2008
140000,1298,0,525,0,44,2006
160000,1299,0,1418,214,292,2008
154000,1300,0,305,218,0,2010
225000,1301,0,490,0,0,2009
177500,1302,0,213,0,0,2009
290000,1303,0,844,309,78,2006
232000,1304,0,834,208,59,2006
130000,1305,0,380,0,40,2006
325000,1306,0,840,404,102,2009
202500,1307,0,474,132,35,2006
138000,1308,0,480,0,64,2009
147000,1309,0,528,0,36,2008
179200,1310,0,496,112,51,2008
335000,1311,0,567,0,207,2010
203000,1312,0,508,264,98,2007
302000,1313,0,750,500,0,2007
333168,1314,0,779,668,30,2010
119000,1315,0,280,0,36,2007
206900,1316,0,576,280,0,2008
295493,1317,0,860,172,42,2009
208900,1318,0,466,0,241,2007
275000,1319,0,748,198,150,2006
111000,1320,0,248,0,0,2007
156500,1321,0,442,114,0,2009
72500,1322,0,287,0,0,2008
190000,1323,0,564,240,39,2010
82500,1324,0,0,164,0,2009
147000,1325,0,895,0,49,2007
55000,1326,0,0,0,0,2008
79000,1327,0,0,0,0,2007
130500,1328,1,264,0,0,2008
256000,1329,0,520,0,547,2008
176500,1330,0,462,0,28,2006
227000,1331,0,825,144,45,2007
132500,1332,0,576,0,0,2006
100000,1333,0,288,0,0,2009
125500,1334,0,297,0,65,2006
125000,1335,0,440,0,36,2009
167900,1336,1,630,0,16,2009
135000,1337,0,506,0,211,2008
52500,1338,0,0,0,20,2006
200000,1339,0,492,146,91,2006
128500,1340,0,288,0,0,2006
123000,1341,0,480,0,0,2007
155000,1342,0,576,0,78,2008
228500,1343,0,647,192,87,2007
177000,1344,0,342,0,0,2009
155835,1345,0,440,0,0,2007
108500,1346,0,308,0,0,2007
262500,1347,0,508,0,80,2006
283463,1348,0,712,0,0,2007
215000,1349,0,514,402,25,2007
122000,1350,0,0,0,54,2008
200000,1351,1,968,0,0,2009
171000,1352,0,490,0,84,2008
134900,1353,0,624,210,0,2009
410000,1354,0,666,283,86,2010
235000,1355,0,839,0,184,2008
170000,1356,0,487,0,98,2006
110000,1357,0,264,0,0,2008
149900,1358,0,500,0,0,2010
177500,1359,0,440,0,32,2010
315000,1360,0,770,194,45,2006
189000,1361,0,621,183,0,2008
260000,1362,0,430,168,36,2009
104900,1363,0,368,55,0,2009
156932,1364,0,432,0,36,2007
144152,1365,0,480,0,166,2006
216000,1366,0,663,0,96,2010
193000,1367,0,588,0,88,2008
127000,1368,0,336,104,26,2006
144000,1369,0,420,140,0,2009
232000,1370,0,502,0,262,2010
105000,1371,0,338,0,0,2009
165500,1372,0,377,0,28,2008
274300,1373,0,583,253,170,2006
466500,1374,0,804,314,140,2007
250000,1375,0,936,154,210,2008
239000,1376,0,722,100,36,2007
91000,1377,0,160,0,141,2008
117000,1378,0,660,0,68,2009
83000,1379,0,264,72,0,2006
167500,1380,0,400,100,0,2008
58500,1381,0,200,0,0,2010
237500,1382,0,550,0,42,2008
157000,1383,0,576,36,0,2006
112000,1384,0,576,0,0,2007
105000,1385,0,280,0,0,2009
125500,1386,0,240,0,96,2010
250000,1387,0,564,0,112,2006
136000,1388,0,216,88,15,2007
377500,1389,0,758,201,39,2009
131000,1390,1,440,0,0,2007
235000,1391,0,541,219,36,2006
124000,1392,0,792,0,152,2009
123000,1393,0,288,175,144,2006
163000,1394,0,672,0,25,2008
246578,1395,0,648,161,20,2006
281213,1396,0,642,144,39,2007
160000,1397,0,572,0,0,2010
137500,1398,0,180,24,0,2007
138000,1399,0,240,0,0,2009
137450,1400,0,216,147,16,2009
120000,1401,0,208,0,0,2008
193000,1402,0,398,100,75,2008
193879,1403,0,662,168,55,2006
282922,1404,0,754,168,160,2007
105000,1405,0,936,216,0,2006
275000,1406,1,482,128,53,2008
133000,1407,0,396,58,0,2009
112000,1408,0,0,0,0,2009
125500,1409,0,528,0,0,2010
215000,1410,0,542,364,63,2008
230000,1411,0,622,0,45,2009
140000,1412,0,271,0,0,2009
90000,1413,0,420,0,0,2009
257000,1414,0,620,165,44,2009
207000,1415,0,370,0,0,2008
175900,1416,1,660,143,20,2009
122500,1417,0,560,0,0,2010
340000,1418,0,1069,0,126,2009
124000,1419,0,336,0,88,2008
223000,1420,0,540,0,73,2006
179900,1421,0,776,0,169,2006
127500,1422,0,440,0,55,2010
136500,1423,0,420,140,0,2008
274970,1424,0,432,586,236,2006
144000,1425,0,484,316,28,2007
142000,1426,0,528,0,39,2008
271000,1427,0,525,171,132,2008
140000,1428,0,288,0,0,2008
119000,1429,0,240,0,0,2010
182900,1430,0,467,0,0,2007
192140,1431,0,372,100,40,2006
143750,1432,0,440,0,60,2009
64500,1433,0,216,0,0,2007
186500,1434,0,451,0,0,2008
160000,1435,0,484,295,41,2006
174000,1436,0,462,0,36,2008
120500,1437,0,528,0,0,2007
394617,1438,0,774,0,66,2008
149700,1439,0,923,0,158,2010
197000,1440,0,550,0,88,2007
191000,1441,0,672,431,0,2008
149300,1442,0,420,149,0,2008
310000,1443,0,812,168,52,2009
121000,1444,0,192,0,98,2009
179600,1445,0,626,192,60,2007
129000,1446,0,240,0,0,2007
157900,1447,0,312,261,39,2010
240000,1448,0,556,0,65,2007
112000,1449,0,384,168,24,2007
92000,1450,0,0,0,0,2006
136000,1451,0,0,32,45,2009
287090,1452,0,840,0,36,2009
145000,1453,0,525,0,28,2006
84500,1454,0,0,36,56,2006
185000,1455,0,400,0,113,2009
175000,1456,0,460,0,40,2007
210000,1457,0,500,349,0,2010
266500,1458,0,252,0,60,2010
142125,1459,0,240,366,0,2010
147500,1460,0,276,736,68,2008
